Product Title,Price,Brand,Size,Numeric Price,Availability Status
بودرة ماء جوز الهند من اولاي نيوترينتس، 100 جم,‏590.00 جنيه,Other,Unknown Size,590.0,Available
زجاجة مياه من ايلانو، 12 قطعة - 1.50 لتر,‏89.95 جنيه,Elano,Unknown Size,89.95,Available
كرتونة ماء بيور لايف من نستله، 12 زجاجة × 1.5 لتر,‏99.95 جنيه,Nestlé Pure Life,1.5L,99.95,Available
كرتونة زجاجات مياه نيست بيور لايف، 20 زجاجة × 0.330 لتر، من نستله,‏84.95 جنيه,Nestlé Pure Life,Unknown Size,84.95,Available
زجاجة ماء من ايلانو 600 ملليلتر 12 قطعة,‏59.00 جنيه,Elano,Unknown Size,59.0,Available
ايزيس 20زجاجة مياه 600 ملي - كرتونه,‏89.00 جنيه,ISIS,Unknown Size,89.0,Available
زجاجة مياه بسعة 1.5 لتر من ايلانو 6 قطع ليتر,‏49.00 جنيه,Elano,1.5L,49.0,Available
زجاجة مياه بيور لايف من نستله ، 2 × 6 لتر,‏67.00 جنيه,Nestlé Pure Life,6L,67.0,Available
مياه شرب من ايلانو سعة 330 مل - 20 قطعة، 330.0 ملليلتر,‏95.00 جنيه,Elano,Unknown Size,95.0,Available
زجاجة مياه من صافي- 1.5 لتر مجموعة 12 قطعة,‏99.50 جنيه,Safi,1.5L,99.5,Available
زجاجة مياه من ايلانو، 20 قطعة - 600 مل,Price not found,Elano,Unknown Size,0.0,Unknown
كرتونه مياه فلو ٦٠٠ مل ١٢ قطعه,‏299.99 جنيه,FLO,Unknown Size,299.99,Available
كرتونة مياه بيور لايف من نستله، مجموعة من 20 زجاجة × 0.60 لتر,Price not found,Nestlé Pure Life,Unknown Size,0.0,Unknown
مياه شرب معبأة في زجاجات بيور لايف منخفضة الصوديوم من نستله، 6 × 1.5 لتر,‏125.00 جنيه,Nestlé Pure Life,1.5L,125.0,Not Available
رابيدو ماء مقطر كرتونة 12 عبوة * 1 لتر,‏244.00 جنيه,Other,1L,244.0,Not Available
ماء معدني طبيعي نقي من ايفيان، 6 قطع× 500 مل,‏385.00 جنيه,evian,Unknown Size,385.0,Available
مياه بيور لايف من نستله، سعة (18.9 لتر) - مع امكانية استبدال زجاجة فارغة,‏550.00 جنيه,Nestlé Pure Life,Unknown Size,550.0,Available
كرتونة فلو مياه قلوية ٣٣٠مل 16قطعة,‏299.99 جنيه,FLO,Unknown Size,299.99,Available
كرتونه مياه فلو 1.25 لتر 9 قطعه,‏299.99 جنيه,FLO,Unknown Size,299.99,Available
منكه مياه سائل بنكهات طبيعية من سو بلس، نكهة التفاح الأخضر، خالي من السكر والسعرات الحرارية - 48 مل,‏48.75 جنيه,Other,Unknown Size,48.75,Available
حاوية مياه قابلة للطي سعة 5 لتر إبريق بلاستيكي خالٍ من مادة BPA حقيبة للرياضات الخارجية والتخييم عبوتان احصل عليه الآن 🏅 امازين,‏341.00 جنيه,Other,Unknown Size,341.0,Available
ماء ورد من ثمار، 250 مل,‏29.00 جنيه,Other,Unknown Size,29.0,Available
إبريق ماء خالٍ من مادة BPA سعة 5 لتر حاوية مياه بلاستيكية قابلة للطي حقيبة للرياضات الخارجية والتخييم عبوتان الان لدى 🏅 امازين,‏345.00 جنيه,Other,Unknown Size,345.0,Available
زجاجة مياه من صافي، 600 مل - مجموعة من 20 قطع,Price not found,Safi,Unknown Size,0.0,Unknown
منكه مياه سائل من سو بلس بنكهة التوت البري الطبيعية، 48 مل,‏48.75 جنيه,Other,Unknown Size,48.75,Available
منكه مياه سائل سو بلس بنكهة الفراولة الطبيعية، خالي من السكر والسعرات الحرارية - 48 مل,‏48.75 جنيه,Other,Unknown Size,48.75,Available
مياه معدنية راكدة 24 × 0.5 لتر من ايفيان، 12000 ملليلتر,"‏1,600.00 جنيه",evian,Unknown Size,1600.0,Available
مياه زمزم 5 لتر، 5.0 ليتر,‏799.00 جنيه,Other,Unknown Size,799.0,Available
ماء الورد بحجم 190 مل من امتنان,‏79.00 جنيه,Other,Unknown Size,79.0,Available
ماء تنظيف سكين اكتيف ميسيلار كلاسيك من غارنييه، 100 مل,‏63.00 جنيه,Other,Unknown Size,63.0,Available
محسن مياه سائل من سو بلس، بنكهة طبيعية بالبطيخ، خالي من السكر والسعرات الحرارية - 48 ملليلتر,‏70.00 جنيه,Other,Unknown Size,70.0,Available
منكه مياه سائل سو بلس بنكهة عنب أحمر طبيعي، خالي من السكر والسعرات الحرارية - 48 مل,‏70.00 جنيه,Other,Unknown Size,70.0,Available
ماء ردياتير مركز ألماني أحمر من رابيدو، سعة 5 لتر,‏156.75 جنيه,Other,Unknown Size,156.75,Available
مجموعة خرطوم مياه 1/2 انش بطول 25 متر مع 3 فوهات ايطالي ايطالي مع 3 قطع من موصلات خرطوم المياه للحدائق وغسيل السيارات,‏739.00 جنيه,Other,Unknown Size,739.0,Available
زجاجة مياه مزودة بمضخة بتصميم محمول من كوفونج، موزع مياه كهربائي عالمية بسعة 5 جالون مع مفتاح وشحن USB، للتخييم والمطبخ وورشة العمل والمرآب (أسود),‏81.00 جنيه,Other,5 Gallons,81.0,Available
زجاجة مياه بلاستيك تريتان سعة 800 مل من تانك، لون اسود، خالية من البيسفينول ايه,‏139.00 جنيه,Other,Unknown Size,139.0,Available
ماء كي فابوريس من كومفورت، 1 لتر,‏210.00 جنيه,Other,1L,210.0,Not Available
ماء الورد افريكانا من مكونات نباتية طبيعية، سعة 25 مل,‏55.00 جنيه,Other,Unknown Size,55.0,Available
قارورة مياه اوتوماتيك 10 لتر توصيل مباشر مع فلتر المياه + لفة خرطوم 10 متر + مشترك T+محبس ايزى+بكرة تيفلون,‏475.00 جنيه,FLO,Unknown Size,475.0,Available
مياه حرارية من بوباي,‏194.00 جنيه,Other,Unknown Size,194.0,Available
منقي مياه من باناسونيك، TK-CS200، خرطوشة سعة 12000 لتر، رمادي,"‏2,199.00 جنيه",Other,Unknown Size,2199.0,Available
أحذية للنساء والرجال من كيو شوب، أحذية الشاطئ للسباحة في الهواء الطلق، جوارب مائية سريعة الجفاف للغطس وركوب الأمواج واليوجا وحمام السباحة,‏295.00 جنيه,Other,Unknown Size,295.0,Available
احذية مائية للجوارب المائية سريعة الجفاف للسباحة وممارسة اليوغا، اكسسوارات رياضية لحمام السباحة مناسبة للاستخدام في الاماكن الخارجية والشاطئ,‏340.38 جنيه,Other,Unknown Size,340.38,Available
زجاجة بخاخ ماء مستمرة للشعر من فيتيلي - زجاجات بخاخ بلاستيكية فارغة فائقة النعومة قابلة لاعادة الملء للنباتات وتصفيف الشعر والرذاذ والتنظيف والعناية بالبشرة (لون عشوائي),‏97.00 جنيه,Other,Unknown Size,97.0,Available
ماء منظف سوبر درايف لمساحات الزجاج من سوبر درايف، 2 لتر,‏60.00 جنيه,Other,Unknown Size,60.0,Available
زجاجة مياه دوسغوت مع غطاء محمول، ثيرموس معدني معزول بتفريغ الهواء من الستانلس ستيل | قارورة قابلة لاعادة الاستخدام مانعة للتسرب وخالية BPA 17 اونصة، اسود,‏160.00 جنيه,Other,Unknown Size,160.0,Available
زجاجة مياه سعة 500 مل مع علامات زمنية قابلة لاعادة الاستخدام، زجاجة شرب بلاستيكية للرياضات الخارجية (شفافة),‏72.00 جنيه,Other,Unknown Size,72.0,Available
